"Result Number","Author","Documents","h-index          Author metrics Scopus is adding an array of metrics for researchers. As an initial step, the h-index has been added.  The h-graph is one way of displaying and comparing the productivity and impact of published work of scholars. It should only be used together with a mix of quantitative and qualitative metrics.  More metrics will be added in the course of the year.","Affiliation","City","Country/Territory"
"1 7103076707 (i) on (i)","Saha, Debashis  Saha, Debashish   Saha, Debasish   Saha, D.","194","16","Indian Institute of Management Calcutta","Kolkata","India"
"","View last title","","","",""
"","","","","","",""
"2 35569668300 (i) on (i)","Mukerjee, Rahul  Mukerjeeb, Rahul   MUKERJEE, RAHUL   Mukerjee, R.   Mukerjee, Ruhal","185","22","Indian Institute of Management Calcutta","Kolkata","India"
"","View last title","","","",""
"","","","","","",""
"3 23008037100 (i) on (i)","Dasgupta, Partha Sarathi  Dasgupta, P. S.   Dasgupta, Parthasarathi   Dasguptat, Parthasarathi   Dasgupta, P.   Dasgupta, Parthsarathi   Dasgupta, Parthasarthi   DasGupta, Parthasarathi   Dasgupta, Partha S.","88","10","Indian Institute of Management Calcutta","Kolkata","India"
"","View last title","","","",""
"","","","","","",""
"4 56865159900 (i) on (i)","Mitra, Subrata Kumar  Mitra, Subrata   Kumar Mitra, Subrata   Mitra, Subrata K.   Mitra, S.   Mitra, Subrat Kumar   Mitra, S. K.","85","22","Indian Institute of Management Calcutta","Kolkata","India"
"","View last title","","","",""
"","","","","","",""
"5 7402057814 (i) on (i)","Bandyopadhyay, Somprakash N.  Bandyopadhyay, Somprokash   Bandyopadhyay, S. N.   Bandyopadhyay, Somprakash   Bandyopadhyay, S.","82","18","Indian Institute of Management Calcutta","Kolkata","India"
"","View last title","","","",""
"","","","","","",""
"6 57226730939 (i) on (i)","Singh, Ramendra","59","16","Indian Institute of Management Calcutta","Kolkata","India"
"","View last title","","","",""
"","","","","","",""
"7 6602696239 (i) on (i)","Seetharaman, Priya  Seetharaman, P.","46","8","Indian Institute of Management Calcutta","Kolkata","India"
"","View last title","","","",""
"","","","","","",""
"8 57061531200 (i) on (i)","Roy, Rahul Kumar  Roy, Rahul K.   Roy, Rahul","44","10","Indian Institute of Management Calcutta","Kolkata","India"
"","View last title","","","",""
"","","","","","",""
"9 25944573500 (i) on (i)","Mahanti, Ambuj  Mahanti, A.","40","11","Indian Institute of Management Calcutta","Kolkata","India"
"","View last title","","","",""
"","","","","","",""
"10 7007157996 (i) on (i)","Bandyopadhyay, Jayanta  Bandyopadhyay, J.","38","11","Indian Institute of Management Calcutta","Kolkata","India"
"","View last title","","","",""
"","","","","","",""
"11 57208478256 (i) on (i)","Mishra, Prashant  Mishra, P.   Mishra, Prashanth","31","6","Indian Institute of Management Calcutta","Kolkata","India"
"","View last title","","","",""
"","","","","","",""
"12 57223116576 (i) on (i)","Sen, Anup Kumar  Sen, Anup K.","31","7","Indian Institute of Management Calcutta","Kolkata","India"
"","View last title","","","",""
"","","","","","",""
"13 36669045500 (i) on (i)","Pal, Asim Kumar  Pal, Asim   Kumar Pal, Asim   Pal, Asim K.   Pal, A. K.","30","5","Indian Institute of Management Calcutta","Kolkata","India"
"","View last title","","","",""
"","","","","","",""
"14 9639639100 (i) on (i)","Sadhukhan, Samir K.  Sadhukhan, Samir","30","7","Indian Institute of Management Calcutta","Kolkata","India"
"","View last title","","","",""
"","","","","","",""
"15 7006338881 (i) on (i)","Sarkar, Uttam Kumar  Sarkar, Uttam   Sarkar, Uttam K.   Sarkar, U. K.","29","8","Indian Institute of Management Calcutta","Kolkata","India"
"","View last title","","","",""
"","","","","","",""
"16 7403239157 (i) on (i)","Sarkar, Sahadeb  Sarkar, S.","27","9","Indian Institute of Management Calcutta","Kolkata","India"
"","View last title","","","",""
"","","","","","",""
"17 57057069600 (i) on (i)","Thakur, Manish Kumar  Thakur, Manish K.   Thakur, Manish","27","2","Indian Institute of Management Calcutta","Kolkata","India"
"","View last title","","","",""
"","","","","","",""
"18 36543834400 (i) on (i)","Jammulamadaka, Nimruji Prasad  Jammulamadaka, Nimruji","25","6","Indian Institute of Management Calcutta","Kolkata","India"
"","View last title","","","",""
"","","","","","",""
"19 55970117800 (i) on (i)","Rajesh Babu, R.  Babu, R. Rajesh","25","2","Indian Institute of Management Calcutta","Kolkata","India"
"","View last title","","","",""
"","","","","","",""
"20 7006688176 (i) on (i)","Chakrabarty, Manisha","24","6","Indian Institute of Management Calcutta","Kolkata","India"
"","View last title","","","",""
"","","","","","",""
"21 55484671600 (i) on (i)","Chatterjee, Ashis Kumar  Chatterjee, A. K.   Chatterjee, Ashis K.","23","11","Indian Institute of Management Calcutta","Kolkata","India"
"","View last title","","","",""
"","","","","","",""
"22 14834275100 (i) on (i)","Ojha, Abhoy Kumar  Ojha, Abhoy   Ojha, Abhoy K.","23","7","Indian Institute of Management Bangalore","Bengaluru","India"
"","View last title","","","",""
"","","","","","",""
"23 54971205100 (i) on (i)","Pal, Parthapratim  Pal, Parthapra","23","4","Indian Institute of Management Calcutta","Kolkata","India"
"","View last title","","","",""
"","","","","","",""
"24 24778451400 (i) on (i)","Pandey, Manish","21","9","Indian Institute of Management Calcutta","Kolkata","India"
"","View last title","","","",""
"","","","","","",""
"25 7404284723 (i) on (i)","Bhattacharya, Subir","20","8","Indian Institute of Management Calcutta","Kolkata","India"
"","View last title","","","",""
"","","","","","",""
"26 7402248592 (i) on (i)","Shaw, Annapurna  Shaw, A.","20","8","Indian Institute of Management Calcutta","Kolkata","India"
"","View last title","","","",""
"","","","","","",""
"27 55627291100 (i) on (i)","Basu, Sumanta","19","5","Indian Institute of Management Calcutta","Kolkata","India"
"","View last title","","","",""
"","","","","","",""
"28 56533005900 (i) on (i)","Paul, Samit","19","7","Indian Institute of Management Calcutta","Kolkata","India"
"","View last title","","","",""
"","","","","","",""
"29 6504608552 (i) on (i)","Avittathur, Balram","18","11","Indian Institute of Management Calcutta","Kolkata","India"
"","View last title","","","",""
"","","","","","",""
"30 53164875100 (i) on (i)","Saha, Biswatosh","18","5","Indian Institute of Management Calcutta","Kolkata","India"
"","View last title","","","",""
"","","","","","",""
"31 35897284100 (i) on (i)","Seth, Rama  SETH, RAMA","17","7","Indian Institute of Management Calcutta","Kolkata","India"
"","View last title","","","",""
"","","","","","",""
"32 24833073900 (i) on (i)","Banerjee, Ashok","16","5","Indian Institute of Management Calcutta","Kolkata","India"
"","View last title","","","",""
"","","","","","",""
"33 56489789000 (i) on (i)","Bhattacharya, Rajesh  Bhattacharyya, Rajesh","16","5","Indian Institute of Management Calcutta","Kolkata","India"
"","View last title","","","",""
"","","","","","",""
"34 22949950500 (i) on (i)","Chakravarty, Surajit","16","5","Indian Institute of Management Calcutta","Kolkata","India"
"","View last title","","","",""
"","","","","","",""
"35 16548960200 (i) on (i)","Chaudhuri, Sudip","16","8","Indian Institute of Management Calcutta","Kolkata","India"
"","View last title","","","",""
"","","","","","",""
"36 23395641500 (i) on (i)","Choudhury, Koushiki","16","9","Indian Institute of Management Calcutta","Kolkata","India"
"","View last title","","","",""
"","","","","","",""
"37 55498577000 (i) on (i)","Mehta, Ritu","16","6","Indian Institute of Management Calcutta","Kolkata","India"
"","View last title","","","",""
"","","","","","",""
"38 55366647600 (i) on (i)","Vijay, Devi","16","5","Indian Institute of Management Calcutta","Kolkata","India"
"","View last title","","","",""
"","","","","","",""
"39 55308742700 (i) on (i)","Basu, Preetam  Basu, P.","15","10","Indian Institute of Management Calcutta","Kolkata","India"
"","View last title","","","",""
"","","","","","",""
"40 56564875000 (i) on (i)","Maity, Samir","15","5","Indian Institute of Management Calcutta","Kolkata","India"
"","View last title","","","",""
"","","","","","",""
"41 7404661836 (i) on (i)","Rao, Purba H.  Rao, Purba","15","10","Indian Institute of Management Calcutta","Kolkata","India"
"","View last title","","","",""
"","","","","","",""
"42 57212689583 (i) on (i)","Sarkar, Runa  Sarka, Runa","15","5","Indian Institute of Management Calcutta","Kolkata","India"
"","View last title","","","",""
"","","","","","",""
"43 35192067600 (i) on (i)","Mehta, Peeyush","14","8","Indian Institute of Management Calcutta","Kolkata","India"
"","View last title","","","",""
"","","","","","",""
"44 56102738000 (i) on (i)","Syamala, Sudhakara Reddy  Syamala, Sudhakar Reddy","14","5","Indian Institute of Management Calcutta","Kolkata","India"
"","View last title","","","",""
"","","","","","",""
"45 7102696809 (i) on (i)","Vaidya, Sanjiv D.  Vaidya, Sanjiv","14","5","Indian Institute of Management Calcutta","Kolkata","India"
"","View last title","","","",""
"","","","","","",""
"46 36695776800 (i) on (i)","Chakraborty, Tanika","13","6","Indian Institute of Management Calcutta","Kolkata","India"
"","View last title","","","",""
"","","","","","",""
"47 36247140600 (i) on (i)","Datta, Partha Priya  Datta, Partha P.   Datta, Partha   Datta, P.","13","9","Indian Institute of Management Calcutta","Kolkata","India"
"","View last title","","","",""
"","","","","","",""
"48 56502002000 (i) on (i)","Jaikumar, Saravana","13","6","Indian Institute of Management Calcutta","Kolkata","India"
"","View last title","","","",""
"","","","","","",""
"49 56251661100 (i) on (i)","Mahanti, Ambuj","13","4","Indian Institute of Management Calcutta","Kolkata","India"
"","View last title","","","",""
"","","","","","",""
"50 36932738900 (i) on (i)","More, Dileep S.  More, Dileep","13","9","Indian Institute of Management Calcutta","Kolkata","India"
"","View last title","","","",""
"","","","","","",""
"51 7004410778 (i) on (i)","Basak, J.  Basak, Jayanta","12","3","Indian Institute of Management Calcutta","Kolkata","India"
"","View last title","","","",""
"","","","","","",""
"52 35463578200 (i) on (i)","Basu, Sujit K.  Basu, S. K.","12","6","Indian Institute of Management Calcutta","Kolkata","India"
"","View last title","","","",""
"","","","","","",""
"53 55481987200 (i) on (i)","Chakrabarti, Bhaskar","12","3","Indian Institute of Management Calcutta","Kolkata","India"
"","View last title","","","",""
"","","","","","",""
"54 57207539125 (i) on (i)","Purkayastha, Saptarshi","12","6","Indian Institute of Management Calcutta","Kolkata","India"
"","View last title","","","",""
"","","","","","",""
"55 7005516208 (i) on (i)","Sikdar, Soumyen","12","3","Indian Institute of Management Calcutta","Kolkata","India"
"","View last title","","","",""
"","","","","","",""
"56 23002214700 (i) on (i)","Srivastava, Bharatendu Nath  Srivastava, Bharatendu N.   Srivastava, B. N.","12","5","Indian Institute of Management Calcutta","Kolkata","India"
"","View last title","","","",""
"","","","","","",""
"57 56195188500 (i) on (i)","Chakraborty, Soumyakanti","11","4","Indian Institute of Management Calcutta","Kolkata","India"
"","View last title","","","",""
"","","","","","",""
"58 56350398800 (i) on (i)","Chatterjee, Leena","11","5","Indian Institute of Management Calcutta","Kolkata","India"
"","View last title","","","",""
"","","","","","",""
"59 56677747700 (i) on (i)","Bathini, Dharma Raju","10","4","Indian Institute of Management Calcutta","Kolkata","India"
"","View last title","","","",""
"","","","","","",""
"60 55355874200 (i) on (i)","Chatterjee, Debabrata  Chatterjee, Debrabata","10","5","Indian Institute of Management Calcutta","Kolkata","India"
"","View last title","","","",""
"","","","","","",""
"61 57196806693 (i) on (i)","Munshi, Surendra","10","2","Indian Institute of Management Calcutta","Kolkata","India"
"","View last title","","","",""
"","","","","","",""
"62 56423374200 (i) on (i)","Nag, Bodhibrata  Nag, B.","10","3","Indian Institute of Management Calcutta","Kolkata","India"
"","View last title","","","",""
"","","","","","",""
"63 55289546700 (i) on (i)","Sau, Ranjit Kumar  Sau, Ranjit   SAU, RANJIT K.   Sau, Ranjit K.","10","2","Indian Institute of Management Calcutta","Kolkata","India"
"","View last title","","","",""
"","","","","","",""
"64 55468821300 (i) on (i)","Sharma, Megha  Sharma, M.","10","4","Indian Institute of Management Calcutta","Kolkata","India"
"","View last title","","","",""
"","","","","","",""
"65 57193496608 (i) on (i)","Arya, Alka  Arya, A.","9","4","Indian Institute of Management Calcutta","Kolkata","India"
"","View last title","","","",""
"","","","","","",""
"66 23003355800 (i) on (i)","Bhattacherjee, Debashish  BHATTACHERJEE, DEBASHISH   Bhattacherjee, D.","9","5","Indian Institute of Management Calcutta","Kolkata","India"
"","View last title","","","",""
"","","","","","",""
"67 57680477400 (i) on (i)","Chakraborty, S. K.","9","5","Indian Institute of Management Calcutta","Kolkata","India"
"","View last title","","","",""
"","","","","","",""
"68 55169980800 (i) on (i)","Chandra, Nirmal Kumar","9","4","Indian Institute of Management Calcutta","Kolkata","India"
"","View last title","","","",""
"","","","","","",""
"69 7403002022 (i) on (i)","Chattopadhyay, Saibal  Chattopadhyay, S.","9","5","Indian Institute of Management Calcutta","Kolkata","India"
"","View last title","","","",""
"","","","","","",""
"70 55492168000 (i) on (i)","Kumar, Rajiv","9","3","Indian Institute of Management Calcutta","Kolkata","India"
"","View last title","","","",""
"","","","","","",""
"71 36118148200 (i) on (i)","Mukherjee, Conan","9","3","Indian Institute of Management Calcutta","Kolkata","India"
"","View last title","","","",""
"","","","","","",""
"72 6506650185 (i) on (i)","Mustafi, Chandan Kumar  Mustafi, Chandan K.   Mustafi, C. K.","9","3","Indian Institute of Management Calcutta","Kolkata","India"
"","View last title","","","",""
"","","","","","",""
"73 57214024302 (i) on (i)","Dey, Priyadarshini","8","2","Indian Institute of Management Calcutta","Kolkata","India"
"","View last title","","","",""
"","","","","","",""
"74 7403964197 (i) on (i)","Ghosh, Asim","8","5","Indian Institute of Management Calcutta","Kolkata","India"
"","View last title","","","",""
"","","","","","",""
"75 54418945000 (i) on (i)","Pant, Anirvan","8","5","Indian Institute of Management Calcutta","Kolkata","India"
"","View last title","","","",""
"","","","","","",""
"76 7401592396 (i) on (i)","Sen, Arijit","8","4","Indian Institute of Management Calcutta","Kolkata","India"
"","View last title","","","",""
"","","","","","",""
"77 56387205300 (i) on (i)","Unni, Venugopal K.  Unni, V. K.","8","1","Indian Institute of Management Calcutta","Kolkata","India"
"","View last title","","","",""
"","","","","","",""
"78 57211331862 (i) on (i)","Bansal, Avijit","7","2","Indian Institute of Management Calcutta","Kolkata","India"
"","View last title","","","",""
"","","","","","",""
"79 56004187900 (i) on (i)","Bharadwaj, Apoorva","7","2","Indian Institute of Management Calcutta","Kolkata","India"
"","View last title","","","",""
"","","","","","",""
"80 7102090195 (i) on (i)","Chakrabarti, Binay Bhushan  Chakraborty, B. B.   Chakrabarti, B. B.","7","2","Indian Institute of Management Calcutta","Kolkata","India"
"","View last title","","","",""
"","","","","","",""
"81 55788028900 (i) on (i)","Deb, Palash","7","4","Indian Institute of Management Calcutta","Kolkata","India"
"","View last title","","","",""
"","","","","","",""
"82 55612002500 (i) on (i)","Dhiman, Amit","7","4","Indian Institute of Management Calcutta","Kolkata","India"
"","View last title","","","",""
"","","","","","",""
"83 57215932540 (i) on (i)","Mandal, Prasenjit","7","5","Indian Institute of Management Calcutta","Kolkata","India"
"","View last title","","","",""
"","","","","","",""
"84 35097675300 (i) on (i)","Moorthy, Janakiraman  Moorthy, J.","7","4","Indian Institute of Management Calcutta","Kolkata","India"
"","View last title","","","",""
"","","","","","",""
"85 55865201700 (i) on (i)","Sinha, Anup Kumar 		       Sinha, A. K.   Sinha, Anup","7","2","Heritage Business School","Kolkata","India"
"","View last title","","","",""
"","","","","","",""
"86 57197287990 (i) on (i)","Abraham, Biju Paul","6","1","Indian Institute of Management Calcutta","Kolkata","India"
"","View last title","","","",""
"","","","","","",""
"87 56204197200 (i) on (i)","Banerjee, Shrabastee","6","2","Indian Institute of Management Calcutta","Kolkata","India"
"","View last title","","","",""
"","","","","","",""
"88 7005917234 (i) on (i)","Chattopadhyay, Raghabendra","6","4","Indian Institute of Management Calcutta","Kolkata","India"
"","View last title","","","",""
"","","","","","",""
"89 55226798700 (i) on (i)","Chaudhuri, A. K.","6","2","Indian Institute of Management Calcutta","Kolkata","India"
"","View last title","","","",""
"","","","","","",""
"90 57196049535 (i) on (i)","Ghosh, Anjan","6","1","Indian Institute of Management Calcutta","Kolkata","India"
"","View last title","","","",""
"","","","","","",""
"91 57220061839 (i) on (i)","Goyal, Lakshmi","6","2","Indian Institute of Management Calcutta","Kolkata","India"
"","View last title","","","",""
"","","","","","",""
"92 56487085400 (i) on (i)","Joshi, Chetan","6","4","Indian Institute of Management Calcutta","Kolkata","India"
"","View last title","","","",""
"","","","","","",""
"93 55174134500 (i) on (i)","Khanna, Sushil","6","2","Indian Institute of Management Calcutta","Kolkata","India"
"","View last title","","","",""
"","","","","","",""
"94 55172238900 (i) on (i)","Mohanty, Mritiunjoy","6","2","Indian Institute of Management Calcutta","Kolkata","India"
"","View last title","","","",""
"","","","","","",""
"95 36834916200 (i) on (i)","Pal, Manabendra N.  Pal, M.  						       Pal, Manabendra   Pal, M. N.","6","5","Indian Institute of Management Calcutta","Kolkata","India"
"","View last title","","","",""
"","","","","","",""
"96 57213405845 (i) on (i)","Rath, Pragyan","6","1","Indian Institute of Management Calcutta","Kolkata","India"
"","View last title","","","",""
"","","","","","",""
"97 55435189100 (i) on (i)","Ray, Alok  RAY, ALOK","6","3","Indian Institute of Management Calcutta","Kolkata","India"
"","View last title","","","",""
"","","","","","",""
"98 57162155300 (i) on (i)","Roy, Kaushik","6","3","Indian Institute of Management Calcutta","Kolkata","India"
"","View last title","","","",""
"","","","","","",""
"99 57213092545 (i) on (i)","Sethuraman, Janardhanan  Sethuraman, J.","6","2","Indian Institute of Management Calcutta","Kolkata","India"
"","View last title","","","",""
"","","","","","",""
"100 24467400700 (i) on (i)","Anurag, D.","5","3","Indian Institute of Management Calcutta","Kolkata","India"
"","View last title","","","",""
"","","","","","",""
"101 7201527798 (i) on (i)","Chakraborty, S. C.","5","1","Indian Institute of Management Calcutta","Kolkata","India"
"","View last title","","","",""
"","","","","","",""
"102 55711003900 (i) on (i)","Das, Ranjan","5","3","Indian Institute of Management Calcutta","Kolkata","India"
"","View last title","","","",""
"","","","","","",""
"103 15762516100 (i) on (i)","Goel, Abhishek  Goel, Dr Abhishek","5","1","Indian Institute of Management Calcutta","Kolkata","India"
"","View last title","","","",""
"","","","","","",""
"104 8942356000 (i) on (i)","Mukherjee, Saral","5","3","Indian Institute of Management Calcutta","Kolkata","India"
"","View last title","","","",""
"","","","","","",""
"105 8674668600 (i) on (i)","Sett, P. K.","5","4","Indian Institute of Management Calcutta","Kolkata","India"
"","View last title","","","",""
"","","","","","",""
"106 57222391470 (i) on (i)","Shalini","5","2","Indian Institute of Management Calcutta","Kolkata","India"
"","View last title","","","",""
"","","","","","",""
"107 7202820284 (i) on (i)","Sinha, Bani K.","5","3","Indian Institute of Management Calcutta","Kolkata","India"
"","View last title","","","",""
"","","","","","",""
"108 56524930400 (i) on (i)","Sinha, D. P.","5","0","Indian Institute of Management Calcutta","Kolkata","India"
"","View last title","","","",""
"","","","","","",""
"109 55790427600 (i) on (i)","Venkateswaran, Ramya Tarakad  Venkateswaran, Ramya T.","5","3","Indian Institute of Management Calcutta","Kolkata","India"
"","View last title","","","",""
"","","","","","",""
"110 57160699100 (i) on (i)","Ahmed, Tutan","4","3","Indian Institute of Management Calcutta","Kolkata","India"
"","View last title","","","",""
"","","","","","",""
"111 57219777060 (i) on (i)","Bansal, Vishal","4","1","Indian Institute of Management Calcutta","Kolkata","India"
"","View last title","","","",""
"","","","","","",""
"112 57191831749 (i) on (i)","Bardhan, Arina","4","2","Indian Institute of Management Calcutta","Kolkata","India"
"","View last title","","","",""
"","","","","","",""
"113 56584760700 (i) on (i)","Bhutoria, Aditi","4","4","Strategic Advisor","","India"
"","View last title","","","",""
"","","","","","",""
"114 23033210800 (i) on (i)","Bhuyan, Nisigandha  Bhuyan, Nisiganda","4","1","Indian Institute of Management Calcutta","Kolkata","India"
"","View last title","","","",""
"","","","","","",""
"115 57217070027 (i) on (i)","Bose, Saheli","4","1","Indian Institute of Management Calcutta","Kolkata","India"
"","View last title","","","",""
"","","","","","",""
"116 57199375341 (i) on (i)","Bose, Sumit Kumar","4","3","Indian Institute of Management Calcutta","Kolkata","India"
"","View last title","","","",""
"","","","","","",""
"117 57209519517 (i) on (i)","Das, Pulak","4","2","Indian Institute of Management Calcutta","Kolkata","India"
"","View last title","","","",""
"","","","","","",""
"118 57191823367 (i) on (i)","Das, Srimoyee","4","2","Indian Institute of Management Calcutta","Kolkata","India"
"","View last title","","","",""
"","","","","","",""
"119 8677611700 (i) on (i)","Elankumaran, S.","4","2","Indian Institute of Management Calcutta","Kolkata","India"
"","View last title","","","",""
"","","","","","",""
"120 57198448498 (i) on (i)","Gupta, Priyanshu","4","1","Indian Institute of Management Calcutta","Kolkata","India"
"","View last title","","","",""
"","","","","","",""
"121 55605553300 (i) on (i)","Hodigere, Renuka","4","2","Indian Institute of Management Calcutta","Kolkata","India"
"","View last title","","","",""
"","","","","","",""
"122 55897515900 (i) on (i)","Kothari, Vinod","4","3","Indian Institute of Management Calcutta","Kolkata","India"
"","View last title","","","",""
"","","","","","",""
"123 57214462301 (i) on (i)","Kumar, Randhir","4","2","Indian Institute of Management Calcutta","Kolkata","India"
"","View last title","","","",""
"","","","","","",""
"124 55484702300 (i) on (i)","Kumar, Soumojit","4","3","Indian Institute of Management Calcutta","Kolkata","India"
"","View last title","","","",""
"","","","","","",""
"125 57216062408 (i) on (i)","Maitra, Saikat","4","2","Indian Institute of Management Calcutta","Kolkata","India"
"","View last title","","","",""
"","","","","","",""
"126 55807182800 (i) on (i)","Mandal, Kalyan Sankar  Mandal, Kalyan S.","4","2","Indian Institute of Management Calcutta","Kolkata","India"
"","View last title","","","",""
"","","","","","",""
"127 57200419109 (i) on (i)","Manoharan, Bhupesh","4","2","Indian Institute of Management Calcutta","Kolkata","India"
"","View last title","","","",""
"","","","","","",""
"128 57216462352 (i) on (i)","Nair, Vivek G.  Nair, Vivek G.","4","3","Indian Institute of Management Calcutta","Kolkata","India"
"","View last title","","","",""
"","","","","","",""
"129 14632420000 (i) on (i)","Perumal, Sinnakkrishnan","4","3","Indian Institute of Management Calcutta","Kolkata","India"
"","View last title","","","",""
"","","","","","",""
"130 57151312500 (i) on (i)","Pinjala, Srujana","4","2","Indian Institute of Management Calcutta","Kolkata","India"
"","View last title","","","",""
"","","","","","",""
"131 57205262697 (i) on (i)","Rakshit, Krishanu","4","3","Indian Institute of Management Calcutta","Kolkata","India"
"","View last title","","","",""
"","","","","","",""
"132 57188805189 (i) on (i)","Saha, Kushal","4","2","Indian Institute of Management Calcutta","Kolkata","India"
"","View last title","","","",""
"","","","","","",""
"133 56323120700 (i) on (i)","Saha, Sourav","4","2","Indian Institute of Management Calcutta","Kolkata","India"
"","View last title","","","",""
"","","","","","",""
"134 6506068591 (i) on (i)","Singh-Sengupta, Sunita","4","3","Indian Institute of Management Calcutta","Kolkata","India"
"","View last title","","","",""
"","","","","","",""
"135 57202247959 (i) on (i)","Vallurupalli, Vamsi","4","2","Indian Institute of Management Calcutta","Kolkata","India"
"","View last title","","","",""
"","","","","","",""
"136 25521494600 (i) on (i)","Adhikari, Kamini","3","1","Indian Institute of Management Calcutta","Kolkata","India"
"","View last title","","","",""
"","","","","","",""
"137 26036461000 (i) on (i)","Bhatta, C. Panduranga","3","2","Indian Institute of Management Calcutta","Kolkata","India"
"","View last title","","","",""
"","","","","","",""
"138 57205638244 (i) on (i)","Bhattacharyya, Sneha","3","1","Indian Institute of Management Calcutta","Kolkata","India"
"","View last title","","","",""
"","","","","","",""
"139 57205030343 (i) on (i)","Chattopadhyay, Gouranga P.  Chattopadhyay, Gouranga","3","1","Indian Institute of Management Calcutta","Kolkata","India"
"","View last title","","","",""
"","","","","","",""
"140 56331777100 (i) on (i)","Ghosh, Syamal K.  Ghosh, S.","3","1","Indian Institute of Management Calcutta","Kolkata","India"
"","View last title","","","",""
"","","","","","",""
"141 56113330200 (i) on (i)","Guha, Joydeep","3","1","Indian Institute of Management Calcutta","Kolkata","India"
"","View last title","","","",""
"","","","","","",""
"142 55221815300 (i) on (i)","Jamalpuria, Aditi","3","2","Indian Institute of Management Calcutta","Kolkata","India"
"","View last title","","","",""
"","","","","","",""
"143 26326842800 (i) on (i)","Janakiraman, Moorthy  Janakiraman, M.","3","1","Indian Institute of Management Calcutta","Kolkata","India"
"","View last title","","","",""
"","","","","","",""
"144 52363765500 (i) on (i)","Jha, Vidyanand","3","2","Indian Institute of Management Calcutta","Kolkata","India"
"","View last title","","","",""
"","","","","","",""
"145 56397809000 (i) on (i)","Nayak, Jitadeepa  Nayak, J.","3","3","Indian Institute of Management Calcutta","Kolkata","India"
"","View last title","","","",""
"","","","","","",""
"146 54912313200 (i) on (i)","Saha, Partha","3","1","Indian Institute of Management Calcutta","Kolkata","India"
"","View last title","","","",""
"","","","","","",""
"147 57195103661 (i) on (i)","Shinde, Abhishek","3","1","Indian Institute of Management Calcutta","Kolkata","India"
"","View last title","","","",""
"","","","","","",""
"148 57202867841 (i) on (i)","Agarwala, Ridhi","2","2","Indian Institute of Management Calcutta","Kolkata","India"
"","View last title","","","",""
"","","","","","",""
"149 57193340059 (i) on (i)","Bhattacharya, Arnab","2","2","Indian Institute of Management Calcutta","Kolkata","India"
"","View last title","","","",""
"","","","","","",""
"150 57188534854 (i) on (i)","Bhattacharya, Sourav","2","2","Indian Institute of Management Calcutta","Kolkata","India"
"","View last title","","","",""
"","","","","","",""
"151 37082863400 (i) on (i)","Bhaya, Hiten","2","2","Indian Institute of Management Calcutta","Kolkata","India"
"","View last title","","","",""
"","","","","","",""
"152 57250658400 (i) on (i)","Biswas, Samir","2","1","Indian Institute of Management Calcutta","Kolkata","India"
"","View last title","","","",""
"","","","","","",""
"153 57221376882 (i) on (i)","Chakrabarty, Himadri Shekhar","2","1","Indian Institute of Management Calcutta","Kolkata","India"
"","View last title","","","",""
"","","","","","",""
"154 57167175000 (i) on (i)","Chaudhuri, K. K.","2","1","Indian Institute of Management Calcutta","Kolkata","India"
"","View last title","","","",""
"","","","","","",""
"155 7201790407 (i) on (i)","Datta, Purba  Datta, Purba","2","1","Indian Institute of Management Calcutta","Kolkata","India"
"","View last title","","","",""
"","","","","","",""
"156 56819356700 (i) on (i)","Ghosh, Amitava","2","2","Indian Institute of Management Calcutta","Kolkata","India"
"","View last title","","","",""
"","","","","","",""
"157 57202955397 (i) on (i)","Goyal, Anuj","2","1","Indian Institute of Management Calcutta","Kolkata","India"
"","View last title","","","",""
"","","","","","",""
"158 57012273600 (i) on (i)","Gupta, Ashis Sen","2","2","Indian Statistical Institute, Kolkata","Kolkata","India"
"","View last title","","","",""
"","","","","","",""
"159 34978786800 (i) on (i)","Jain, Chirag","2","1","Indian Institute of Management Calcutta","Kolkata","India"
"","View last title","","","",""
"","","","","","",""
"160 57189854455 (i) on (i)","Jaiswall, Sudhir Shiv Kumar  Jaiswall, Sudhir S.","2","1","Indian Institute of Management Calcutta","Kolkata","India"
"","View last title","","","",""
"","","","","","",""
"161 50862406700 (i) on (i)","Janardhanan, Sethuraman","2","1","Indian Institute of Management Calcutta","Kolkata","India"
"","View last title","","","",""
"","","","","","",""
"162 57209023010 (i) on (i)","Jindal, Varun","2","2","Indian Institute of Management Calcutta","Kolkata","India"
"","View last title","","","",""
"","","","","","",""
"163 30767579600 (i) on (i)","Ketkar, Sumita","2","2","Indian Institute of Management Calcutta","Kolkata","India"
"","View last title","","","",""
"","","","","","",""
"164 25954589000 (i) on (i)","Lahiri, Dilip K.  LAHIRI, DILIP K.","2","2","Indian Institute of Management Calcutta","Kolkata","India"
"","View last title","","","",""
"","","","","","",""
"165 57190782297 (i) on (i)","Mishra, Ria","2","1","Indian Institute of Management Calcutta","Kolkata","India"
"","View last title","","","",""
"","","","","","",""
"166 6505462315 (i) on (i)","Nazareth, Terence","2","2","Indian Institute of Management Calcutta","Kolkata","India"
"","View last title","","","",""
"","","","","","",""
"167 57197308706 (i) on (i)","Pal, Ranjan","2","2","Indian Institute of Management Calcutta","Kolkata","India"
"","View last title","","","",""
"","","","","","",""
"168 57219806398 (i) on (i)","Pandey, Utsav","2","1","Indian Institute of Management Calcutta","Kolkata","India"
"","View last title","","","",""
"","","","","","",""
"169 57219243028 (i) on (i)","Purayil, Mufsin Puthan","2","1","Indian Institute of Management Calcutta","Kolkata","India"
"","View last title","","","",""
"","","","","","",""
"170 57193746299 (i) on (i)","Rajvanshi, Vivek","2","0","Indian Institute of Management Calcutta","Kolkata","India"
"","View last title","","","",""
"","","","","","",""
"171 7202946042 (i) on (i)","Saha, Biswajit  Saha, B.","2","0","Indian Institute of Management Calcutta","Kolkata","India"
"","View last title","","","",""
"","","","","","",""
"172 57188896804 (i) on (i)","Sanyal, Hitesranjan","2","2","Indian Institute of Management Calcutta","Kolkata","India"
"","View last title","","","",""
"","","","","","",""
"173 36895177500 (i) on (i)","Sanyal, Sanghamitra","2","2","Indian Institute of Management Calcutta","Kolkata","India"
"","View last title","","","",""
"","","","","","",""
"174 56936407200 (i) on (i)","Sarkar, B.","2","2","Indian Institute of Management Calcutta","Kolkata","India"
"","View last title","","","",""
"","","","","","",""
"175 57659992400 (i) on (i)","Sarkar, Sumana","2","2","Indian Institute of Management Calcutta","Kolkata","India"
"","View last title","","","",""
"","","","","","",""
"176 55600619300 (i) on (i)","Sau, Ranjit","2","2","Indian Institute of Management Calcutta","Kolkata","India"
"","View last title","","","",""
"","","","","","",""
"177 22433986900 (i) on (i)","Scalem, M.","2","1","Indian Institute of Management Calcutta","Kolkata","India"
"","View last title","","","",""
"","","","","","",""
"178 7103105042 (i) on (i)","Sen, K. M.","2","1","Indian Institute of Management Calcutta","Kolkata","India"
"","View last title","","","",""
"","","","","","",""
"179 57222552844 (i) on (i)","Sreekumar, Vipin","2","0","Indian Institute of Management Calcutta","Kolkata","India"
"","View last title","","","",""
"","","","","","",""
"180 7401480427 (i) on (i)","Agarwal, Ashok K.  Agarwal, Ashok K.","1","1","Indian Institute of Management Calcutta","Kolkata","India"
"","View last title","","","",""
"","","","","","",""
"181 57208019910 (i) on (i)","Agarwal, Satyam","1","1","Indian Institute of Management Calcutta","Kolkata","India"
"","View last title","","","",""
"","","","","","",""
"182 57212946198 (i) on (i)","Agrawal, Khushboo","1","0","Indian Institute of Management Calcutta","Kolkata","India"
"","View last title","","","",""
"","","","","","",""
"183 57011985700 (i) on (i)","Aiyar, Ramswamy P.","1","0","Indian Institute of Management Calcutta","Kolkata","India"
"","View last title","","","",""
"","","","","","",""
"184 57548449400 (i) on (i)","Alam, A. K.Z.  Alam, Amjad","1","1","Indian Institute of Management Calcutta","Kolkata","India"
"","View last title","","","",""
"","","","","","",""
"185 57196502306 (i) on (i)","Anand, K.","1","0","Indian Institute of Management Calcutta","Kolkata","India"
"","View last title","","","",""
"","","","","","",""
"186 56891720300 (i) on (i)","Baber, Vinaysheel","1","1","Indian Institute of Management Calcutta","Kolkata","India"
"","View last title","","","",""
"","","","","","",""
"187 57553617100 (i) on (i)","Babu, R. Rajesh","1","0","Indian Institute of Management Calcutta","Kolkata","India"
"","View last title","","","",""
"","","","","","",""
"188 57192574303 (i) on (i)","Balakrishnan, Ajit","1","0","Indian Institute of Management Calcutta","Kolkata","India"
"","View last title","","","",""
"","","","","","",""
"189 57218554916 (i) on (i)","Balakumar, Karthikeyan","1","1","Indian Institute of Management Calcutta","Kolkata","India"
"","View last title","","","",""
"","","","","","",""
"190 57191044871 (i) on (i)","Banerjee, Ashish K.","1","1","Indian Institute of Management Calcutta","Kolkata","India"
"","View last title","","","",""
"","","","","","",""
"191 57225172306 (i) on (i)","Bhadra, Santanu","1","0","Indian Institute of Management Calcutta","Kolkata","India"
"","View last title","","","",""
"","","","","","",""
"192 57211413026 (i) on (i)","Bhatt, Eshan","1","1","Indian Institute of Management Calcutta","Kolkata","India"
"","View last title","","","",""
"","","","","","",""
"193 57195153650 (i) on (i)","Bhattacharya, Hrishikes","1","0","Indian Institute of Management Calcutta","Kolkata","India"
"","View last title","","","",""
"","","","","","",""
"194 7102179506 (i) on (i)","Bhattacharyya, R.","1","0","Indian Institute of Management Calcutta","Kolkata","India"
"","View last title","","","",""
"","","","","","",""
"195 57203269688 (i) on (i)","Bose, Ahana","1","1","Indian Institute of Management Calcutta","Kolkata","India"
"","View last title","","","",""
"","","","","","",""
"196 57195109414 (i) on (i)","Bose, Amitava","1","1","Indian Institute of Management Calcutta","Kolkata","India"
"","View last title","","","",""
"","","","","","",""
"197 56425578400 (i) on (i)","Chakrabarti, Muktamala","1","0","Indian Institute of Management Calcutta","Kolkata","India"
"","View last title","","","",""
"","","","","","",""
"198 57680638300 (i) on (i)","Chakraborty, S. K.","1","1","Indian Institute of Management Calcutta","Kolkata","India"
"","View last title","","","",""
"","","","","","",""
"199 7005524180 (i) on (i)","Chakravarty, B.","1","0","Indian Institute of Management Calcutta","Kolkata","India"
"","View last title","","","",""
"","","","","","",""
"200 7004555433 (i) on (i)","Chakravarty, Nilotpal","1","1","Indian Institute of Management Calcutta","Kolkata","India"
"","View last title","","","",""
"","","","","","",""